{
    "timestamp": 1776143885,
    "amount0": 77.98755458576238,
    "amount1": 37.72714370423412,
    "sender": "0xmock199",
    "ratio": 2.067147070479386,
    "anomaly_score": 0.23300344504436002,
    "status": "SYNCHRONIZED"
}